-- ============================================
-- 学生信息管理系统 - 测试数据
-- 生成时间：2026-04-20
-- 数据范围：覆盖全部模块
-- 账号规范：教师T001~T010，学生学号20240001等
-- 密码统一：123456
-- ============================================

USE student_management;

-- 清空现有数据
DELETE FROM scholarship_apply;
DELETE FROM scholarship;
DELETE FROM reward_punish;
DELETE FROM status_change;
DELETE FROM score;
DELETE FROM course;
DELETE FROM student;
DELETE FROM class;
DELETE FROM sys_user WHERE id > 1;

-- ============================================
-- 1. 教师用户（10个，工号T001~T010）
-- ============================================
INSERT INTO sys_user (username, password, role, real_name, phone, email, status) VALUES
('T001', '$2a$10$WraGLGpLtwN8Q.HtT95N.uRu3wM9H0NTGPqpsWshDgcL08aNMpKkW', 2, '王建国', '13901001001', 'wangjg@school.edu.cn', 1),
('T002', '$2a$10$WraGLGpLtwN8Q.HtT95N.uRu3wM9H0NTGPqpsWshDgcL08aNMpKkW', 2, '刘芳', '13901001002', 'liuf@school.edu.cn', 1),
('T003', '$2a$10$WraGLGpLtwN8Q.HtT95N.uRu3wM9H0NTGPqpsWshDgcL08aNMpKkW', 2, '陈志远', '13901001003', 'chenzy@school.edu.cn', 1),
('T004', '$2a$10$WraGLGpLtwN8Q.HtT95N.uRu3wM9H0NTGPqpsWshDgcL08aNMpKkW', 2, '赵敏', '13901001004', 'zhaom@school.edu.cn', 1),
('T005', '$2a$10$WraGLGpLtwN8Q.HtT95N.uRu3wM9H0NTGPqpsWshDgcL08aNMpKkW', 2, '周明', '13901001005', 'zhoum@school.edu.cn', 1),
('T006', '$2a$10$WraGLGpLtwN8Q.HtT95N.uRu3wM9H0NTGPqpsWshDgcL08aNMpKkW', 2, '吴秀英', '13901001006', 'wuxy@school.edu.cn', 1),
('T007', '$2a$10$WraGLGpLtwN8Q.HtT95N.uRu3wM9H0NTGPqpsWshDgcL08aNMpKkW', 2, '孙伟', '13901001007', 'sunw@school.edu.cn', 1),
('T008', '$2a$10$WraGLGpLtwN8Q.HtT95N.uRu3wM9H0NTGPqpsWshDgcL08aNMpKkW', 2, '李红', '13901001008', 'lih@school.edu.cn', 1),
('T009', '$2a$10$WraGLGpLtwN8Q.HtT95N.uRu3wM9H0NTGPqpsWshDgcL08aNMpKkW', 2, '张磊', '13901001009', 'zhangl@school.edu.cn', 1),
('T010', '$2a$10$WraGLGpLtwN8Q.HtT95N.uRu3wM9H0NTGPqpsWshDgcL08aNMpKkW', 2, '黄丽华', '13901001010', 'huanglh@school.edu.cn', 1);

-- ============================================
-- 2. 学生用户（40个，学号即账号）
-- ============================================
INSERT INTO sys_user (username, password, role, real_name, phone, email, status) VALUES
('20240001', '$2a$10$WraGLGpLtwN8Q.HtT95N.uRu3wM9H0NTGPqpsWshDgcL08aNMpKkW', 3, '张伟', '13800001001', 'zhangwei@stu.edu.cn', 1),
('20240002', '$2a$10$WraGLGpLtwN8Q.HtT95N.uRu3wM9H0NTGPqpsWshDgcL08aNMpKkW', 3, '李娜', '13800001002', 'lina@stu.edu.cn', 1),
('20240003', '$2a$10$WraGLGpLtwN8Q.HtT95N.uRu3wM9H0NTGPqpsWshDgcL08aNMpKkW', 3, '王强', '13800001003', 'wangqiang@stu.edu.cn', 1),
('20240004', '$2a$10$WraGLGpLtwN8Q.HtT95N.uRu3wM9H0NTGPqpsWshDgcL08aNMpKkW', 3, '赵雪', '13800001004', 'zhaoxue@stu.edu.cn', 1),
('20240005', '$2a$10$WraGLGpLtwN8Q.HtT95N.uRu3wM9H0NTGPqpsWshDgcL08aNMpKkW', 3, '刘洋', '13800001005', 'liuyang@stu.edu.cn', 1),
('20240006', '$2a$10$WraGLGpLtwN8Q.HtT95N.uRu3wM9H0NTGPqpsWshDgcL08aNMpKkW', 3, '陈静', '13800001006', 'chenjing@stu.edu.cn', 1),
('20240007', '$2a$10$WraGLGpLtwN8Q.HtT95N.uRu3wM9H0NTGPqpsWshDgcL08aNMpKkW', 3, '杨帆', '13800001007', 'yangfan@stu.edu.cn', 1),
('20240008', '$2a$10$WraGLGpLtwN8Q.HtT95N.uRu3wM9H0NTGPqpsWshDgcL08aNMpKkW', 3, '周敏', '13800001008', 'zhoumin@stu.edu.cn', 1),
('20240009', '$2a$10$WraGLGpLtwN8Q.HtT95N.uRu3wM9H0NTGPqpsWshDgcL08aNMpKkW', 3, '吴昊', '13800002001', 'wuhao@stu.edu.cn', 1),
('20240010', '$2a$10$WraGLGpLtwN8Q.HtT95N.uRu3wM9H0NTGPqpsWshDgcL08aNMpKkW', 3, '孙丽', '13800002002', 'sunli@stu.edu.cn', 1),
('20240011', '$2a$10$WraGLGpLtwN8Q.HtT95N.uRu3wM9H0NTGPqpsWshDgcL08aNMpKkW', 3, '马超', '13800002003', 'machao@stu.edu.cn', 1),
('20240012', '$2a$10$WraGLGpLtwN8Q.HtT95N.uRu3wM9H0NTGPqpsWshDgcL08aNMpKkW', 3, '黄蓉', '13800002004', 'huangrong@stu.edu.cn', 1),
('20240013', '$2a$10$WraGLGpLtwN8Q.HtT95N.uRu3wM9H0NTGPqpsWshDgcL08aNMpKkW', 3, '朱磊', '13800002005', 'zhulei@stu.edu.cn', 1),
('20240014', '$2a$10$WraGLGpLtwN8Q.HtT95N.uRu3wM9H0NTGPqpsWshDgcL08aNMpKkW', 3, '胡婷', '13800002006', 'huting@stu.edu.cn', 1),
('20240015', '$2a$10$WraGLGpLtwN8Q.HtT95N.uRu3wM9H0NTGPqpsWshDgcL08aNMpKkW', 3, '郭明', '13800002007', 'guoming@stu.edu.cn', 1),
('20240016', '$2a$10$WraGLGpLtwN8Q.HtT95N.uRu3wM9H0NTGPqpsWshDgcL08aNMpKkW', 3, '林芳', '13800002008', 'linfang@stu.edu.cn', 1),
('20230001', '$2a$10$WraGLGpLtwN8Q.HtT95N.uRu3wM9H0NTGPqpsWshDgcL08aNMpKkW', 3, '何杰', '13700001001', 'hejie@stu.edu.cn', 1),
('20230002', '$2a$10$WraGLGpLtwN8Q.HtT95N.uRu3wM9H0NTGPqpsWshDgcL08aNMpKkW', 3, '罗琳', '13700001002', 'luolin@stu.edu.cn', 1),
('20230003', '$2a$10$WraGLGpLtwN8Q.HtT95N.uRu3wM9H0NTGPqpsWshDgcL08aNMpKkW', 3, '谢涛', '13700001003', 'xietao@stu.edu.cn', 1),
('20230004', '$2a$10$WraGLGpLtwN8Q.HtT95N.uRu3wM9H0NTGPqpsWshDgcL08aNMpKkW', 3, '韩梅', '13700001004', 'hanmei@stu.edu.cn', 1),
('20230005', '$2a$10$WraGLGpLtwN8Q.HtT95N.uRu3wM9H0NTGPqpsWshDgcL08aNMpKkW', 3, '唐亮', '13700001005', 'tangliang@stu.edu.cn', 1),
('20230006', '$2a$10$WraGLGpLtwN8Q.HtT95N.uRu3wM9H0NTGPqpsWshDgcL08aNMpKkW', 3, '冯雪', '13700001006', 'fengxue@stu.edu.cn', 1),
('20230007', '$2a$10$WraGLGpLtwN8Q.HtT95N.uRu3wM9H0NTGPqpsWshDgcL08aNMpKkW', 3, '曹阳', '13700001007', 'caoyang@stu.edu.cn', 1),
('20230008', '$2a$10$WraGLGpLtwN8Q.HtT95N.uRu3wM9H0NTGPqpsWshDgcL08aNMpKkW', 3, '邓颖', '13700001008', 'dengying@stu.edu.cn', 1),
('20230009', '$2a$10$WraGLGpLtwN8Q.HtT95N.uRu3wM9H0NTGPqpsWshDgcL08aNMpKkW', 3, '彭飞', '13700002001', 'pengfei@stu.edu.cn', 1),
('20230010', '$2a$10$WraGLGpLtwN8Q.HtT95N.uRu3wM9H0NTGPqpsWshDgcL08aNMpKkW', 3, '蒋薇', '13700002002', 'jiangwei@stu.edu.cn', 1),
('20230011', '$2a$10$WraGLGpLtwN8Q.HtT95N.uRu3wM9H0NTGPqpsWshDgcL08aNMpKkW', 3, '蔡鑫', '13700002003', 'caixin@stu.edu.cn', 1),
('20230012', '$2a$10$WraGLGpLtwN8Q.HtT95N.uRu3wM9H0NTGPqpsWshDgcL08aNMpKkW', 3, '贾楠', '13700002004', 'jianan@stu.edu.cn', 1),
('20230013', '$2a$10$WraGLGpLtwN8Q.HtT95N.uRu3wM9H0NTGPqpsWshDgcL08aNMpKkW', 3, '潘宇', '13700002005', 'panyu@stu.edu.cn', 1),
('20230014', '$2a$10$WraGLGpLtwN8Q.HtT95N.uRu3wM9H0NTGPqpsWshDgcL08aNMpKkW', 3, '丁瑶', '13700002006', 'dingyao@stu.edu.cn', 1),
('20230015', '$2a$10$WraGLGpLtwN8Q.HtT95N.uRu3wM9H0NTGPqpsWshDgcL08aNMpKkW', 3, '余浩', '13700002007', 'yuhao@stu.edu.cn', 1),
('20240017', '$2a$10$WraGLGpLtwN8Q.HtT95N.uRu3wM9H0NTGPqpsWshDgcL08aNMpKkW', 3, '许晨', '13800001009', 'xuchen@stu.edu.cn', 1),
('20240018', '$2a$10$WraGLGpLtwN8Q.HtT95N.uRu3wM9H0NTGPqpsWshDgcL08aNMpKkW', 3, '方圆', '13800002009', 'fangyuan@stu.edu.cn', 1),
('20240019', '$2a$10$WraGLGpLtwN8Q.HtT95N.uRu3wM9H0NTGPqpsWshDgcL08aNMpKkW', 3, '宋涛', '13800003001', 'songtao@stu.edu.cn', 1),
('20240020', '$2a$10$WraGLGpLtwN8Q.HtT95N.uRu3wM9H0NTGPqpsWshDgcL08aNMpKkW', 3, '高颖', '13800003002', 'gaoying@stu.edu.cn', 1),
('20240021', '$2a$10$WraGLGpLtwN8Q.HtT95N.uRu3wM9H0NTGPqpsWshDgcL08aNMpKkW', 3, '田刚', '13800003003', 'tiangang@stu.edu.cn', 1),
('20240022', '$2a$10$WraGLGpLtwN8Q.HtT95N.uRu3wM9H0NTGPqpsWshDgcL08aNMpKkW', 3, '任晓', '13800003004', 'renxiao@stu.edu.cn', 1),
('20230016', '$2a$10$WraGLGpLtwN8Q.HtT95N.uRu3wM9H0NTGPqpsWshDgcL08aNMpKkW', 3, '范伟', '13700003001', 'fanwei@stu.edu.cn', 1),
('20230017', '$2a$10$WraGLGpLtwN8Q.HtT95N.uRu3wM9H0NTGPqpsWshDgcL08aNMpKkW', 3, '叶萍', '13700003002', 'yeping@stu.edu.cn', 1),
('20230018', '$2a$10$WraGLGpLtwN8Q.HtT95N.uRu3wM9H0NTGPqpsWshDgcL08aNMpKkW', 3, '苏强', '13700003003', 'suqiang@stu.edu.cn', 1);

-- ============================================
-- 3. 班级数据（6个）
-- ============================================
INSERT INTO class (class_name, major, grade, teacher_id, student_count, create_time) VALUES
('计算机2401', '计算机科学与技术', '2024', 2, 10, NOW()),
('计算机2402', '计算机科学与技术', '2024', 3, 10, NOW()),
('软件2301', '软件工程', '2023', 4, 10, NOW()),
('数据2301', '数据科学与大数据技术', '2023', 5, 8, NOW()),
('网络2401', '网络工程', '2024', 6, 4, NOW()),
('信安2301', '信息安全', '2023', 7, 3, NOW());

-- ============================================
-- 4. 学生数据（45个，分布各班级）
-- ============================================
INSERT INTO student (student_no, name, gender, class_id, major, phone, email, enrollment_date, status, create_time) VALUES
-- 计算机2401班（10人）
('20240001', '张伟', 1, 1, '计算机科学与技术', '13800001001', 'zhangwei@stu.edu.cn', '2024-09-01', 1, NOW()),
('20240002', '李娜', 2, 1, '计算机科学与技术', '13800001002', 'lina@stu.edu.cn', '2024-09-01', 1, NOW()),
('20240003', '王强', 1, 1, '计算机科学与技术', '13800001003', 'wangqiang@stu.edu.cn', '2024-09-01', 1, NOW()),
('20240004', '赵雪', 2, 1, '计算机科学与技术', '13800001004', 'zhaoxue@stu.edu.cn', '2024-09-01', 1, NOW()),
('20240005', '刘洋', 1, 1, '计算机科学与技术', '13800001005', 'liuyang@stu.edu.cn', '2024-09-01', 1, NOW()),
('20240006', '陈静', 2, 1, '计算机科学与技术', '13800001006', 'chenjing@stu.edu.cn', '2024-09-01', 1, NOW()),
('20240007', '杨帆', 1, 1, '计算机科学与技术', '13800001007', 'yangfan@stu.edu.cn', '2024-09-01', 1, NOW()),
('20240008', '周敏', 2, 1, '计算机科学与技术', '13800001008', 'zhoumin@stu.edu.cn', '2024-09-01', 1, NOW()),
('20240017', '许晨', 1, 1, '计算机科学与技术', '13800001009', 'xuchen@stu.edu.cn', '2025-03-01', 1, NOW()),
('20240019', '宋涛', 1, 1, '计算机科学与技术', '13800003001', 'songtao@stu.edu.cn', '2024-09-01', 1, NOW()),
-- 计算机2402班（10人，1人休学）
('20240009', '吴昊', 1, 2, '计算机科学与技术', '13800002001', 'wuhao@stu.edu.cn', '2024-09-01', 1, NOW()),
('20240010', '孙丽', 2, 2, '计算机科学与技术', '13800002002', 'sunli@stu.edu.cn', '2024-09-01', 1, NOW()),
('20240011', '马超', 1, 2, '计算机科学与技术', '13800002003', 'machao@stu.edu.cn', '2024-09-01', 1, NOW()),
('20240012', '黄蓉', 2, 2, '计算机科学与技术', '13800002004', 'huangrong@stu.edu.cn', '2024-09-01', 2, NOW()),
('20240013', '朱磊', 1, 2, '计算机科学与技术', '13800002005', 'zhulei@stu.edu.cn', '2024-09-01', 1, NOW()),
('20240014', '胡婷', 2, 2, '计算机科学与技术', '13800002006', 'huting@stu.edu.cn', '2024-09-01', 1, NOW()),
('20240015', '郭明', 1, 2, '计算机科学与技术', '13800002007', 'guoming@stu.edu.cn', '2024-09-01', 1, NOW()),
('20240016', '林芳', 2, 2, '计算机科学与技术', '13800002008', 'linfang@stu.edu.cn', '2024-09-01', 1, NOW()),
('20240018', '方圆', 2, 2, '计算机科学与技术', '13800002009', 'fangyuan@stu.edu.cn', '2025-03-01', 1, NOW()),
('20240020', '高颖', 2, 2, '计算机科学与技术', '13800003002', 'gaoying@stu.edu.cn', '2024-09-01', 1, NOW()),
-- 软件2301班（10人，1人退学，1人毕业）
('20230001', '何杰', 1, 3, '软件工程', '13700001001', 'hejie@stu.edu.cn', '2023-09-01', 1, NOW()),
('20230002', '罗琳', 2, 3, '软件工程', '13700001002', 'luolin@stu.edu.cn', '2023-09-01', 1, NOW()),
('20230003', '谢涛', 1, 3, '软件工程', '13700001003', 'xietao@stu.edu.cn', '2023-09-01', 4, NOW()),
('20230004', '韩梅', 2, 3, '软件工程', '13700001004', 'hanmei@stu.edu.cn', '2023-09-01', 1, NOW()),
('20230005', '唐亮', 1, 3, '软件工程', '13700001005', 'tangliang@stu.edu.cn', '2023-09-01', 1, NOW()),
('20230006', '冯雪', 2, 3, '软件工程', '13700001006', 'fengxue@stu.edu.cn', '2023-09-01', 3, NOW()),
('20230007', '曹阳', 1, 3, '软件工程', '13700001007', 'caoyang@stu.edu.cn', '2023-09-01', 1, NOW()),
('20230008', '邓颖', 2, 3, '软件工程', '13700001008', 'dengying@stu.edu.cn', '2023-09-01', 1, NOW()),
('20230016', '范伟', 1, 3, '软件工程', '13700003001', 'fanwei@stu.edu.cn', '2023-09-01', 1, NOW()),
('20230017', '叶萍', 2, 3, '软件工程', '13700003002', 'yeping@stu.edu.cn', '2023-09-01', 1, NOW()),
-- 数据2301班（8人，1人休学）
('20230009', '彭飞', 1, 4, '数据科学与大数据技术', '13700002001', 'pengfei@stu.edu.cn', '2023-09-01', 1, NOW()),
('20230010', '蒋薇', 2, 4, '数据科学与大数据技术', '13700002002', 'jiangwei@stu.edu.cn', '2023-09-01', 1, NOW()),
('20230011', '蔡鑫', 1, 4, '数据科学与大数据技术', '13700002003', 'caixin@stu.edu.cn', '2023-09-01', 2, NOW()),
('20230012', '贾楠', 2, 4, '数据科学与大数据技术', '13700002004', 'jianan@stu.edu.cn', '2023-09-01', 1, NOW()),
('20230013', '潘宇', 1, 4, '数据科学与大数据技术', '13700002005', 'panyu@stu.edu.cn', '2023-09-01', 1, NOW()),
('20230014', '丁瑶', 2, 4, '数据科学与大数据技术', '13700002006', 'dingyao@stu.edu.cn', '2023-09-01', 1, NOW()),
('20230015', '余浩', 1, 4, '数据科学与大数据技术', '13700002007', 'yuhao@stu.edu.cn', '2023-09-01', 1, NOW()),
('20230018', '苏强', 1, 4, '数据科学与大数据技术', '13700003003', 'suqiang@stu.edu.cn', '2023-09-01', 1, NOW()),
-- 网络2401班（4人）
('20240021', '田刚', 1, 5, '网络工程', '13800003003', 'tiangang@stu.edu.cn', '2024-09-01', 1, NOW()),
('20240022', '任晓', 2, 5, '网络工程', '13800003004', 'renxiao@stu.edu.cn', '2024-09-01', 1, NOW()),
('20240023', '姜鹏', 1, 5, '网络工程', '13800003005', 'jiangpeng@stu.edu.cn', '2024-09-01', 1, NOW()),
('20240024', '沈月', 2, 5, '网络工程', '13800003006', 'shenyue@stu.edu.cn', '2024-09-01', 1, NOW()),
-- 信安2301班（3人）
('20230019', '韩磊', 1, 6, '信息安全', '13700003004', 'hanlei@stu.edu.cn', '2023-09-01', 1, NOW()),
('20230020', '冯婷', 2, 6, '信息安全', '13700003005', 'fengting@stu.edu.cn', '2023-09-01', 1, NOW()),
('20230021', '董超', 1, 6, '信息安全', '13700003006', 'dongchao@stu.edu.cn', '2023-09-01', 1, NOW());

-- 更新班级学生人数
UPDATE class SET student_count = (SELECT COUNT(*) FROM student WHERE class_id = 1 AND status IN (1,2)) WHERE id = 1;
UPDATE class SET student_count = (SELECT COUNT(*) FROM student WHERE class_id = 2 AND status IN (1,2)) WHERE id = 2;
UPDATE class SET student_count = (SELECT COUNT(*) FROM student WHERE class_id = 3 AND status IN (1,2)) WHERE id = 3;
UPDATE class SET student_count = (SELECT COUNT(*) FROM student WHERE class_id = 4 AND status IN (1,2)) WHERE id = 4;
UPDATE class SET student_count = (SELECT COUNT(*) FROM student WHERE class_id = 5 AND status IN (1,2)) WHERE id = 5;
UPDATE class SET student_count = (SELECT COUNT(*) FROM student WHERE class_id = 6 AND status IN (1,2)) WHERE id = 6;

-- ============================================
-- 5. 课程数据（10门）
-- ============================================
INSERT INTO course (course_name, course_code, credit, teacher_id, teacher_name, semester, class_hours, description, create_time) VALUES
('高等数学', 'MATH1001', 4.0, 2, '王建国', '2024-1', 64, '数学基础课程，涵盖微积分、级数等', NOW()),
('线性代数', 'MATH1002', 3.0, 2, '王建国', '2024-1', 48, '矩阵论与线性空间基础', NOW()),
('程序设计基础', 'CS1001', 3.0, 3, '刘芳', '2024-1', 48, 'C语言程序设计入门', NOW()),
('数据结构', 'CS2001', 4.0, 3, '刘芳', '2024-2', 64, '链表、树、图等数据结构', NOW()),
('数据库原理', 'CS2002', 3.0, 4, '陈志远', '2024-2', 48, '关系数据库理论与SQL', NOW()),
('计算机网络', 'CS2003', 3.0, 5, '赵敏', '2024-2', 48, 'TCP/IP协议与网络架构', NOW()),
('操作系统', 'CS3001', 4.0, 4, '陈志远', '2025-1', 64, '进程管理、内存管理、文件系统', NOW()),
('软件工程', 'CS3002', 3.0, 5, '赵敏', '2025-1', 48, '软件开发方法论与项目管理', NOW()),
('概率论与数理统计', 'MATH2001', 3.0, 2, '王建国', '2024-2', 48, '概率论基础与统计推断', NOW()),
('人工智能导论', 'CS4001', 2.0, 3, '刘芳', '2025-1', 32, 'AI基本概念与机器学习入门', NOW());

-- ============================================
-- 6. 成绩数据
-- ============================================
INSERT INTO score (student_id, student_no, student_name, course_id, course_name, score, credit, semester, exam_type, create_time) VALUES
-- 2024级学生 2024-1学期（高数、线代、程序设计）
(1, '20240001', '张伟', 1, '高等数学', 92.0, 4.0, '2024-1', 1, NOW()),
(2, '20240002', '李娜', 1, '高等数学', 88.5, 4.0, '2024-1', 1, NOW()),
(3, '20240003', '王强', 1, '高等数学', 55.0, 4.0, '2024-1', 1, NOW()),
(4, '20240004', '赵雪', 1, '高等数学', 78.0, 4.0, '2024-1', 1, NOW()),
(5, '20240005', '刘洋', 1, '高等数学', 95.0, 4.0, '2024-1', 1, NOW()),
(6, '20240006', '陈静', 1, '高等数学', 82.5, 4.0, '2024-1', 1, NOW()),
(7, '20240007', '杨帆', 1, '高等数学', 67.0, 4.0, '2024-1', 1, NOW()),
(8, '20240008', '周敏', 1, '高等数学', 73.5, 4.0, '2024-1', 1, NOW()),
(9, '20240009', '吴昊', 1, '高等数学', 91.0, 4.0, '2024-1', 1, NOW()),
(10, '20240010', '孙丽', 1, '高等数学', 86.0, 4.0, '2024-1', 1, NOW()),
(11, '20240011', '马超', 1, '高等数学', 42.0, 4.0, '2024-1', 1, NOW()),
(13, '20240013', '朱磊', 1, '高等数学', 62.0, 4.0, '2024-1', 1, NOW()),
(14, '20240014', '胡婷', 1, '高等数学', 88.0, 4.0, '2024-1', 1, NOW()),
(15, '20240015', '郭明', 1, '高等数学', 51.0, 4.0, '2024-1', 1, NOW()),
(16, '20240016', '林芳', 1, '高等数学', 76.5, 4.0, '2024-1', 1, NOW()),
(35, '20240019', '宋涛', 1, '高等数学', 84.0, 4.0, '2024-1', 1, NOW()),
(36, '20240020', '高颖', 1, '高等数学', 79.0, 4.0, '2024-1', 1, NOW()),
-- 线性代数
(1, '20240001', '张伟', 2, '线性代数', 85.0, 3.0, '2024-1', 1, NOW()),
(2, '20240002', '李娜', 2, '线性代数', 91.0, 3.0, '2024-1', 1, NOW()),
(3, '20240003', '王强', 2, '线性代数', 48.0, 3.0, '2024-1', 1, NOW()),
(4, '20240004', '赵雪', 2, '线性代数', 82.0, 3.0, '2024-1', 1, NOW()),
(5, '20240005', '刘洋', 2, '线性代数', 97.0, 3.0, '2024-1', 1, NOW()),
(6, '20240006', '陈静', 2, '线性代数', 79.5, 3.0, '2024-1', 1, NOW()),
(7, '20240007', '杨帆', 2, '线性代数', 71.0, 3.0, '2024-1', 1, NOW()),
(8, '20240008', '周敏', 2, '线性代数', 68.0, 3.0, '2024-1', 1, NOW()),
(9, '20240009', '吴昊', 2, '线性代数', 89.0, 3.0, '2024-1', 1, NOW()),
(10, '20240010', '孙丽', 2, '线性代数', 93.5, 3.0, '2024-1', 1, NOW()),
(11, '20240011', '马超', 2, '线性代数', 38.0, 3.0, '2024-1', 1, NOW()),
(13, '20240013', '朱磊', 2, '线性代数', 58.0, 3.0, '2024-1', 1, NOW()),
(14, '20240014', '胡婷', 2, '线性代数', 85.5, 3.0, '2024-1', 1, NOW()),
(15, '20240015', '郭明', 2, '线性代数', 45.0, 3.0, '2024-1', 1, NOW()),
(16, '20240016', '林芳', 2, '线性代数', 80.0, 3.0, '2024-1', 1, NOW()),
(35, '20240019', '宋涛', 2, '线性代数', 76.0, 3.0, '2024-1', 1, NOW()),
(36, '20240020', '高颖', 2, '线性代数', 88.0, 3.0, '2024-1', 1, NOW()),
-- 程序设计基础
(1, '20240001', '张伟', 3, '程序设计基础', 96.0, 3.0, '2024-1', 1, NOW()),
(2, '20240002', '李娜', 3, '程序设计基础', 87.0, 3.0, '2024-1', 1, NOW()),
(3, '20240003', '王强', 3, '程序设计基础', 62.0, 3.0, '2024-1', 1, NOW()),
(4, '20240004', '赵雪', 3, '程序设计基础', 90.5, 3.0, '2024-1', 1, NOW()),
(5, '20240005', '刘洋', 3, '程序设计基础', 98.0, 3.0, '2024-1', 1, NOW()),
(6, '20240006', '陈静', 3, '程序设计基础', 84.0, 3.0, '2024-1', 1, NOW()),
(7, '20240007', '杨帆', 3, '程序设计基础', 75.5, 3.0, '2024-1', 1, NOW()),
(8, '20240008', '周敏', 3, '程序设计基础', 70.0, 3.0, '2024-1', 1, NOW()),
(9, '20240009', '吴昊', 3, '程序设计基础', 92.0, 3.0, '2024-1', 1, NOW()),
(10, '20240010', '孙丽', 3, '程序设计基础', 95.0, 3.0, '2024-1', 1, NOW()),
(11, '20240011', '马超', 3, '程序设计基础', 55.0, 3.0, '2024-1', 1, NOW()),
(13, '20240013', '朱磊', 3, '程序设计基础', 66.0, 3.0, '2024-1', 1, NOW()),
(14, '20240014', '胡婷', 3, '程序设计基础', 89.5, 3.0, '2024-1', 1, NOW()),
(15, '20240015', '郭明', 3, '程序设计基础', 59.0, 3.0, '2024-1', 1, NOW()),
(16, '20240016', '林芳', 3, '程序设计基础', 77.0, 3.0, '2024-1', 1, NOW()),
(35, '20240019', '宋涛', 3, '程序设计基础', 81.0, 3.0, '2024-1', 1, NOW()),
(36, '20240020', '高颖', 3, '程序设计基础', 91.0, 3.0, '2024-1', 1, NOW()),
-- 2023级学生 2024-2学期（数据结构、概率论、数据库、网络）
(17, '20230001', '何杰', 4, '数据结构', 88.0, 4.0, '2024-2', 1, NOW()),
(18, '20230002', '罗琳', 4, '数据结构', 92.5, 4.0, '2024-2', 1, NOW()),
(20, '20230004', '韩梅', 4, '数据结构', 85.0, 4.0, '2024-2', 1, NOW()),
(21, '20230005', '唐亮', 4, '数据结构', 78.0, 4.0, '2024-2', 1, NOW()),
(22, '20230006', '冯雪', 4, '数据结构', 90.0, 4.0, '2024-2', 1, NOW()),
(23, '20230007', '曹阳', 4, '数据结构', 72.5, 4.0, '2024-2', 1, NOW()),
(24, '20230008', '邓颖', 4, '数据结构', 81.0, 4.0, '2024-2', 1, NOW()),
(25, '20230009', '彭飞', 4, '数据结构', 86.0, 4.0, '2024-2', 1, NOW()),
(26, '20230010', '蒋薇', 4, '数据结构', 93.0, 4.0, '2024-2', 1, NOW()),
(27, '20230011', '蔡鑫', 4, '数据结构', 68.0, 4.0, '2024-2', 1, NOW()),
(28, '20230012', '贾楠', 4, '数据结构', 79.5, 4.0, '2024-2', 1, NOW()),
(29, '20230013', '潘宇', 4, '数据结构', 83.0, 4.0, '2024-2', 1, NOW()),
(30, '20230014', '丁瑶', 4, '数据结构', 91.0, 4.0, '2024-2', 1, NOW()),
(31, '20230015', '余浩', 4, '数据结构', 57.0, 4.0, '2024-2', 1, NOW()),
(43, '20230016', '范伟', 4, '数据结构', 74.0, 4.0, '2024-2', 1, NOW()),
(44, '20230017', '叶萍', 4, '数据结构', 87.0, 4.0, '2024-2', 1, NOW()),
-- 概率论与数理统计
(17, '20230001', '何杰', 9, '概率论与数理统计', 82.0, 3.0, '2024-2', 1, NOW()),
(18, '20230002', '罗琳', 9, '概率论与数理统计', 90.0, 3.0, '2024-2', 1, NOW()),
(20, '20230004', '韩梅', 9, '概率论与数理统计', 76.5, 3.0, '2024-2', 1, NOW()),
(21, '20230005', '唐亮', 9, '概率论与数理统计', 69.0, 3.0, '2024-2', 1, NOW()),
(22, '20230006', '冯雪', 9, '概率论与数理统计', 88.0, 3.0, '2024-2', 1, NOW()),
(23, '20230007', '曹阳', 9, '概率论与数理统计', 73.5, 3.0, '2024-2', 1, NOW()),
(24, '20230008', '邓颖', 9, '概率论与数理统计', 85.0, 3.0, '2024-2', 1, NOW()),
(25, '20230009', '彭飞', 9, '概率论与数理统计', 79.0, 3.0, '2024-2', 1, NOW()),
(26, '20230010', '蒋薇', 9, '概率论与数理统计', 94.0, 3.0, '2024-2', 1, NOW()),
(28, '20230012', '贾楠', 9, '概率论与数理统计', 77.5, 3.0, '2024-2', 1, NOW()),
(29, '20230013', '潘宇', 9, '概率论与数理统计', 84.0, 3.0, '2024-2', 1, NOW()),
(30, '20230014', '丁瑶', 9, '概率论与数理统计', 92.0, 3.0, '2024-2', 1, NOW()),
(31, '20230015', '余浩', 9, '概率论与数理统计', 53.0, 3.0, '2024-2', 1, NOW()),
-- 数据库原理
(17, '20230001', '何杰', 5, '数据库原理', 91.0, 3.0, '2024-2', 1, NOW()),
(18, '20230002', '罗琳', 5, '数据库原理', 87.5, 3.0, '2024-2', 1, NOW()),
(20, '20230004', '韩梅', 5, '数据库原理', 82.0, 3.0, '2024-2', 1, NOW()),
(21, '20230005', '唐亮', 5, '数据库原理', 74.0, 3.0, '2024-2', 1, NOW()),
(22, '20230006', '冯雪', 5, '数据库原理', 95.0, 3.0, '2024-2', 1, NOW()),
(23, '20230007', '曹阳', 5, '数据库原理', 68.5, 3.0, '2024-2', 1, NOW()),
(24, '20230008', '邓颖', 5, '数据库原理', 80.0, 3.0, '2024-2', 1, NOW()),
(25, '20230009', '彭飞', 5, '数据库原理', 86.0, 3.0, '2024-2', 1, NOW()),
(26, '20230010', '蒋薇', 5, '数据库原理', 93.5, 3.0, '2024-2', 1, NOW()),
(28, '20230012', '贾楠', 5, '数据库原理', 76.0, 3.0, '2024-2', 1, NOW()),
(29, '20230013', '潘宇', 5, '数据库原理', 88.0, 3.0, '2024-2', 1, NOW()),
(30, '20230014', '丁瑶', 5, '数据库原理', 90.0, 3.0, '2024-2', 1, NOW()),
(31, '20230015', '余浩', 5, '数据库原理', 49.0, 3.0, '2024-2', 1, NOW()),
-- 计算机网络
(17, '20230001', '何杰', 6, '计算机网络', 79.0, 3.0, '2024-2', 1, NOW()),
(18, '20230002', '罗琳', 6, '计算机网络', 85.5, 3.0, '2024-2', 1, NOW()),
(20, '20230004', '韩梅', 6, '计算机网络', 90.0, 3.0, '2024-2', 1, NOW()),
(21, '20230005', '唐亮', 6, '计算机网络', 63.0, 3.0, '2024-2', 1, NOW()),
(22, '20230006', '冯雪', 6, '计算机网络', 88.0, 3.0, '2024-2', 1, NOW()),
(23, '20230007', '曹阳', 6, '计算机网络', 71.5, 3.0, '2024-2', 1, NOW()),
(24, '20230008', '邓颖', 6, '计算机网络', 83.0, 3.0, '2024-2', 1, NOW()),
(25, '20230009', '彭飞', 6, '计算机网络', 77.0, 3.0, '2024-2', 1, NOW()),
(26, '20230010', '蒋薇', 6, '计算机网络', 96.0, 3.0, '2024-2', 1, NOW()),
(28, '20230012', '贾楠', 6, '计算机网络', 72.0, 3.0, '2024-2', 1, NOW()),
(29, '20230013', '潘宇', 6, '计算机网络', 81.0, 3.0, '2024-2', 1, NOW()),
(30, '20230014', '丁瑶', 6, '计算机网络', 87.0, 3.0, '2024-2', 1, NOW()),
(31, '20230015', '余浩', 6, '计算机网络', 44.0, 3.0, '2024-2', 1, NOW()),
-- 补考成绩
(3, '20240003', '王强', 1, '高等数学', 65.0, 4.0, '2024-1', 2, NOW()),
-- 重修成绩
(11, '20240011', '马超', 2, '线性代数', 52.0, 3.0, '2024-1', 3, NOW());

-- ============================================
-- 7. 学籍异动数据（4条）
-- ============================================
INSERT INTO status_change (student_id, student_no, student_name, change_type, reason, from_info, to_info, status, apply_time, approve_time, approver, create_time) VALUES
(12, '20240012', '黄蓉', 2, '身体原因需要休学一年', '计算机2402班-在校', '休学', 1, '2025-01-10 09:00:00', '2025-01-12 14:30:00', '系统管理员', NOW()),
(19, '20230003', '谢涛', 4, '个人原因申请退学', '软件2301班-在校', '退学', 1, '2025-02-15 10:00:00', '2025-02-18 11:00:00', '系统管理员', NOW()),
(27, '20230011', '蔡鑫', 2, '家庭原因需休学调理', '数据2301班-在校', '休学', 1, '2025-03-01 08:30:00', '2025-03-03 09:00:00', '系统管理员', NOW()),
(22, '20230006', '冯雪', 3, '休学期满申请复学', '软件2301班-休学', '软件2301班-在校', 1, '2025-03-10 10:00:00', '2025-03-12 15:00:00', '系统管理员', NOW());

-- ============================================
-- 8. 奖惩记录（8条）
-- ============================================
INSERT INTO reward_punish (student_id, student_no, student_name, type, level, content, reason, record_date, create_time) VALUES
(1, '20240001', '张伟', 1, '校级', '三好学生', '2024-2025学年成绩优异，品学兼优', '2025-01-15', NOW()),
(5, '20240005', '刘洋', 1, '省级', '优秀学生干部', '担任班级学习委员，组织能力突出', '2025-01-15', NOW()),
(18, '20230002', '罗琳', 1, '国家级', '国家奖学金', '2024年度综合成绩排名专业第一', '2024-12-20', NOW()),
(26, '20230010', '蒋薇', 1, '校级', '学习标兵', '连续两学期成绩班级第一', '2025-01-15', NOW()),
(3, '20240003', '王强', 2, '警告', '学业警告', '2024-1学期两门课程不及格', '2025-01-20', NOW()),
(11, '20240011', '马超', 2, '严重警告', '学业严重警告', '2024-1学期三门课程不及格，累计挂科5门', '2025-01-20', NOW()),
(15, '20240015', '郭明', 2, '警告', '学业警告', '2024-1学期两门课程不及格', '2025-01-20', NOW()),
(31, '20230015', '余浩', 2, '记过', '考试违纪', '概率论考试中夹带小抄', '2025-02-28', NOW());

-- ============================================
-- 9. 奖学金类型（5种）
-- ============================================
INSERT INTO scholarship (name, level, amount, description, status, create_time) VALUES
('国家奖学金', '国家级', 8000.00, '奖励特别优秀的全日制在校学生，需成绩排名前5%', 1, NOW()),
('国家励志奖学金', '国家级', 5000.00, '奖励品学兼优的家庭经济困难学生', 1, NOW()),
('一等奖学金', '校级', 3000.00, '奖励综合成绩排名前5%的学生', 1, NOW()),
('二等奖学金', '校级', 2000.00, '奖励综合成绩排名前15%的学生', 1, NOW()),
('三等奖学金', '校级', 1000.00, '奖励综合成绩排名前30%的学生', 1, NOW());

-- ============================================
-- 10. 奖学金申请（8条）
-- ============================================
INSERT INTO scholarship_apply (student_id, student_no, student_name, scholarship_id, scholarship_name, apply_reason, status, apply_time, approve_time, approver, remark) VALUES
(5, '20240005', '刘洋', 1, '国家奖学金', '2024年度综合成绩排名专业第一，获得省级优秀学生干部称号', 1, '2025-03-01 09:00:00', '2025-03-05 10:00:00', '系统管理员', NULL),
(18, '20230002', '罗琳', 1, '国家奖学金', '连续两学期专业排名第一，发表学术论文1篇', 1, '2025-03-01 09:30:00', '2025-03-05 10:30:00', '系统管理员', NULL),
(1, '20240001', '张伟', 3, '一等奖学金', '2024-1学期综合成绩班级第二，积极参与社团活动', 1, '2025-03-02 10:00:00', '2025-03-06 09:00:00', '系统管理员', NULL),
(26, '20230010', '蒋薇', 3, '一等奖学金', '成绩优异，连续两学期班级第一', 0, '2025-03-10 14:00:00', NULL, NULL, NULL),
(2, '20240002', '李娜', 4, '二等奖学金', '成绩良好，积极参与志愿服务', 0, '2025-03-10 15:00:00', NULL, NULL, NULL),
(9, '20240009', '吴昊', 4, '二等奖学金', '成绩稳定在班级前10名', 0, '2025-03-11 09:00:00', NULL, NULL, NULL),
(3, '20240003', '王强', 5, '三等奖学金', '虽然部分科目不理想，但整体成绩达到申请标准', 2, '2025-03-08 11:00:00', '2025-03-12 10:00:00', '系统管理员', '有挂科记录，不符合申请条件'),
(7, '20240007', '杨帆', 5, '三等奖学金', '成绩中等偏上，积极参加学科竞赛', 0, '2025-03-12 08:30:00', NULL, NULL, NULL);
